Config,Train Loss,Test Loss,Gen Gap,Epochs,Runtime (min),Status
baseline,0.006802232906269951,0.006513693537488961,-0.00028853936878098924,200,59.78744832674662,SUCCESS
